{"cameraMode":{"drawMode":0,"name":"Shaded","section":"Shading Mode"},"sceneLighting":false,"audioPlay":false,"sceneViewState":{"m_AlwaysRefresh":false,"showFog":true,"showSkybox":false,"showFlares":true,"showImageEffects":true,"showParticleSystems":true,"showVisualEffectGraphs":true,"m_FxEnabled":false},"in2DMode":false,"pivot":{"x":-0.06118662655353546,"y":-1.202771544456482,"z":3.819584608078003},"rotation":{"x":0.004817374516278505,"y":-0.9943414330482483,"z":0.09274129569530487,"w":0.0516509935259819},"size":0.23945441842079163,"orthographic":true}